network,bn_size_config,transaction_type,transaction_hash,gas_used,block_number,claim_id,profile,notes
Sepolia,4,CPTStore_init,a906de1bb5dc27758d3a92bad566d295ca3c8d18b192a2c30490fdddfb7c5ab6,73781,10930913,,neutral,setPriors
Sepolia,4,CPTStore_init,ce3dfd2e78578785659614bf37f7f768543d180cbd0b3edde27eea5958f38eb0,96181,10930914,,neutral,"setEvidenceCPT(0,0,0)"
Sepolia,4,CPTStore_init,82973e0ffacf9a969d5816594733ebdf03e75d0f9bac644baf9e22753ea35580,96193,10930915,,neutral,"setEvidenceCPT(0,0,1)"
Sepolia,4,CPTStore_init,3bf20f8575cce52e444ec21a2f3cc9a1da6b766ee6843d0dc5d58f43f3b1d0c5,96193,10930916,,neutral,"setEvidenceCPT(0,1,0)"
Sepolia,4,CPTStore_init,94e50df4c9c9c70493fa343f01e5e4ef29404a998cba0afc0be254b9825cda15,96205,10930917,,neutral,"setEvidenceCPT(0,1,1)"
Sepolia,4,CPTStore_init,bded1b62e7f28f8d8fccc8f2c621a101486508e841c6f761a5e88b8f1abd7d4e,96193,10930918,,neutral,"setEvidenceCPT(1,0,0)"
Sepolia,4,CPTStore_init,e831bb525672f5bcb6fb852aa2cc2395d6410e8092f658bd98686ad5079c1da2,96205,10930919,,neutral,"setEvidenceCPT(1,0,1)"
Sepolia,4,CPTStore_init,e45c96785caa69a5913b6d228340e92a6c2b756927d3471593e0a2756c4ca9e2,96205,10930920,,neutral,"setEvidenceCPT(1,1,0)"
Sepolia,4,CPTStore_init,277276e6d94a99f9a7813c030bb73b53b3b2732a5be0cc34061c8b267e2c6a7b,96217,10930921,,neutral,"setEvidenceCPT(1,1,1)"
Sepolia,4,CPTStore_init,d218ebf212999a2b62f89c5aa559f4543ee2d4287f2c0068daf2fd96d31c453f,96193,10930922,,neutral,"setEvidenceCPT(2,0,0)"
Sepolia,4,CPTStore_init,b5a065a9f2be509bf8ba63d85a33761314e1235b56abf93b66f0ea7a8d14a6a9,96205,10930923,,neutral,"setEvidenceCPT(2,0,1)"
Sepolia,4,CPTStore_init,3ac20f55df54af2aa9408bbe7c232a7a0c4b27a180d4c210ec10a2b23ddee2c7,96205,10930924,,neutral,"setEvidenceCPT(2,1,0)"
Sepolia,4,CPTStore_init,d8dc51f301fdd39f7f0bc0977626bfc3ba4dd0bb02992891fbddfebb90557bef,96217,10930925,,neutral,"setEvidenceCPT(2,1,1)"
Sepolia,4,CPTStore_init,ffe443f8de49023efda3a4dfe0ab10383eb16a64c50521b253500e67e6136aa4,96193,10930926,,neutral,"setEvidenceCPT(3,0,0)"
Sepolia,4,CPTStore_init,c50b97504b3926e8b1cde9a8880413f74494fe8bba3edf3452e9b7c5695c8bec,96205,10930927,,neutral,"setEvidenceCPT(3,0,1)"
Sepolia,4,CPTStore_init,3f2906991187aba3a536430ba80b773a9d0031868dec45b240a39df34125367d,96205,10930928,,neutral,"setEvidenceCPT(3,1,0)"
Sepolia,4,CPTStore_init,b65424523ec6c47d9eef528ee50301688742361fada59a8a8543f19f67bfc57c,96217,10930929,,neutral,"setEvidenceCPT(3,1,1)"
Sepolia,4,CPTStore_init,1060b8c7c946b9d847d05173ffdd4b348c3020c45e304e74bc9e5ea7ed513bc8,80726,10930930,,asymmetric,setPriors
Sepolia,4,CPTStore_init,4aa4992b3e3674441bf1bc54bccf1677a78a07d9045bf7b068dbafb6e89bdcfe,79195,10930931,,asymmetric,"setEvidenceCPT(0,1,0)"
Sepolia,4,CPTStore_init,b35d22701d69573ea903c0c648b2f4d25f67d7bb7fd5377b65576f9ce809f4d2,79195,10930932,,asymmetric,"setEvidenceCPT(0,0,1)"
Sepolia,4,CPTStore_init,93ad1afbd220b9c4a404022c98b6a7068d791eb6c113f21ae72b8441ea90e0ce,79195,10930933,,asymmetric,"setEvidenceCPT(0,1,1)"
Sepolia,4,CPTStore_init,243969af43a058078f5589337071a5e6b4f122e9143da00d0d626e13322f3076,79185,10930934,,asymmetric,"setEvidenceCPT(0,0,0)"
Sepolia,4,CPTStore_init,c1909c64c66166b5b0c011176c09aa65e3beaf9c13860ac0141670aca1c7c521,79204,10930935,,asymmetric,"setEvidenceCPT(1,1,0)"
Sepolia,4,CPTStore_init,83a01f2076abaa8e3e7d3792025800b391f12a4ef020e7502e6742516cda0587,79204,10930936,,asymmetric,"setEvidenceCPT(1,0,1)"
Sepolia,4,CPTStore_init,60f98d1fb4b9ef70cd4f56f281992ae20a4e8f2d0d43819e9d4e0638e39d06f3,79214,10930937,,asymmetric,"setEvidenceCPT(1,1,1)"
Sepolia,4,CPTStore_init,0093cfccacc75cbc3da7a15ed9fa573e075c465836eb67a68e979d731457d189,79195,10930938,,asymmetric,"setEvidenceCPT(1,0,0)"
Sepolia,4,CPTStore_init,a6246b7a62e04d8399506e9b02194d6163387508f0838cd28b7c6d509bf54b36,79204,10930939,,asymmetric,"setEvidenceCPT(2,1,0)"
Sepolia,4,CPTStore_init,30b0916003181c00f3e7edca671ef245796525df1577e9ecca67c68e70323c10,79204,10930940,,asymmetric,"setEvidenceCPT(2,0,1)"
Sepolia,4,CPTStore_init,2a0f934f185284c08e980987814109d4fe724d764c7cbfb5eabf9060b5df95b6,79214,10930941,,asymmetric,"setEvidenceCPT(2,1,1)"
Sepolia,4,CPTStore_init,9f1b3df3861e4081410764c6f4d38433edc81a9fbfce93eb2a222d0ac8e20a3c,79195,10930942,,asymmetric,"setEvidenceCPT(2,0,0)"
Sepolia,4,CPTStore_init,32a6cc5bc4ebc608e1e4e9e655a6d4a6e1d94a2069d892d27a4a7b6d537b1a22,79195,10930943,,asymmetric,"setEvidenceCPT(3,1,0)"
Sepolia,4,CPTStore_init,0101fa2f664dc4864da0a138b9b62067d04eac4e34a8ea83b6aa51c7d3d1ed63,79204,10930944,,asymmetric,"setEvidenceCPT(3,0,1)"
Sepolia,4,CPTStore_init,742b4f4317c4d3630ebd9b6c1b2b5d1cabe79d16e3dfd9d9f4803c6742e850a9,79214,10930945,,asymmetric,"setEvidenceCPT(3,1,1)"
Sepolia,4,CPTStore_init,14eb372ff9d3a39eba7d23dbd51d51ada2c1605458e926e5a95b4a7fa20e2e30,79195,10930946,,asymmetric,"setEvidenceCPT(3,0,0)"
Sepolia,4,openClaim,620801f7a604c92a3ce6342a18efa6f3cf1c53794f0c8a2db3ed6ddcd0c07a4a,173436,10930964,0,neutral,run_0
Sepolia,4,submitInference,b00fba20e301cc57be37b73c36cbdc818429dda9decc8c1c035eddd51e766901,239587,10930965,0,neutral,run_0_snap_10930963
Sepolia,4,openClaim,d056f432ebe67f2daa026467db4931a6f5dd88c5bde6863cbbe58830d2a92f03,196112,10930966,1,neutral,run_1
Sepolia,4,submitInference,b41125ad3113b9792854346f4a5778ce5077da3c6efb7a5949aed37cb4d762ea,242399,10930967,1,neutral,run_1_snap_10930965
Sepolia,4,openClaim,b84988cc293153cc44609527b8aaa355107f835d58f66efd6d22e4561cf98467,196136,10930968,2,neutral,run_2
Sepolia,4,submitInference,11cfdaccade3c1e7c68749e50620325b41e7d945f9511216f00ba4516c0425e9,242399,10930969,2,neutral,run_2_snap_10930967
Sepolia,4,openClaim,0fbb3f780187feabf69ae24f2f5b06130d6991dc07f1727541485a5b2d42a4f4,196136,10930970,3,neutral,run_3
Sepolia,4,submitInference,d8843bb04152bb75c56d71b6c252514e8a44961c66c2cd8784d76bb0da4ea31e,242399,10930971,3,neutral,run_3_snap_10930969
Sepolia,4,openClaim,9d0eac5ed9241722d1b9bf642b14516c917598c674ea2b93e6bd64812d78b4bc,196136,10930972,4,neutral,run_4
Sepolia,4,submitInference,a7b6e2e2ebb5323b969ee730e7f1637ee7189668f0e579e020637ebeca91179b,242399,10930973,4,neutral,run_4_snap_10930971
Sepolia,4,openClaim,994dd9d8ceb3d1ee4ee55fce8b4cab43a3e2aafd8e9d23aa638bd4279ef7319a,196136,10930974,5,neutral,run_5
Sepolia,4,submitInference,052b1b71008caace2ee3a9ed1aa3b5f828ad999c8f421f761d761f0220174ad5,242399,10930975,5,neutral,run_5_snap_10930973
Sepolia,4,openClaim,ef725f11c722e1e235d1de7c7c14eb617d6ec5f5e2eb6d163312123dd57429b1,196136,10930976,6,neutral,run_6
Sepolia,4,submitInference,51167d7936a5cd7487a3a973efb2a82b261f4a2eed2e452108569ab3441236ab,242399,10930977,6,neutral,run_6_snap_10930975
Sepolia,4,openClaim,4c9d75e3dac62cd0403427442865d5e74c3920451739177cb81258678c56576d,196136,10930978,7,neutral,run_7
Sepolia,4,submitInference,3d69076ace0b2aa21d8c66b373720183d21b18e647701d3ea8d55b9ba159bbf1,242399,10930979,7,neutral,run_7_snap_10930977
Sepolia,4,openClaim,583cf7d58d24a3c49f1b85470006bfe376f68f5cf5993ea25cc8c69bb8cff838,196136,10930980,8,neutral,run_8
Sepolia,4,submitInference,7f16d967c17196d073a06110eac79d7c3b96911d490a6f74550b993a737d01a7,242399,10930981,8,neutral,run_8_snap_10930980
Sepolia,4,openClaim,0377f226e747121ee2851542fc2045232a395b3da70533f405610a069d6b8ee2,196136,10930982,9,neutral,run_9
Sepolia,4,submitInference,2ffcdc2e7f83b9d1e2fc4e421e3aebd2f384c690295af4b5b962212e4298a144,242399,10930983,9,neutral,run_9_snap_10930981
Sepolia,4,openClaim,6c6b6ac50a85d0fa62ff272d39cd085b8db9797c3ad8080fc0110f156f218986,196136,10930984,10,neutral,run_10
Sepolia,4,submitInference,59ee41f63766c277557c179b74d26c7781050d7d8f3c08955b2b435aa4f743d8,242399,10930985,10,neutral,run_10_snap_10930984
Sepolia,4,openClaim,7517e122fbc90f31c6448de3f9752671c5aa64a637c5e270ab5ae2b173ad29c0,196136,10930986,11,neutral,run_11
Sepolia,4,submitInference,f5b39b2fbf040cc0a67ec20862c3718c3d76c5d423a61172edfa84ff7f6797ba,242399,10930987,11,neutral,run_11_snap_10930986
Sepolia,4,openClaim,7d59c4471e39c42ca8c0f0dd8295a9338c38e8d2190e91a24d687528c7cc7202,196136,10930988,12,neutral,run_12
Sepolia,4,submitInference,2fd1ca479fc17f5a6531856cde8585ccd0ecc2a3e4518ffbe89ccb07aba1d692,242399,10930989,12,neutral,run_12_snap_10930987
Sepolia,4,openClaim,70045df906fd603a9e270ae0e7af7b4358d03153dea0728caef5ed658f467ea6,196136,10930990,13,neutral,run_13
Sepolia,4,submitInference,06c529008ae9fa4dd77bd88e4eb60c0b3a1cb2cedfacb90d82454516527851c1,242399,10930991,13,neutral,run_13_snap_10930989
Sepolia,4,openClaim,a902d8107e1bf9d37edc3f86454af0f7746b704146dd19b21997cac06e886f50,196136,10930992,14,neutral,run_14
Sepolia,4,submitInference,af5bedabca51fa6aff00a580b1f8bedd38abdc9b2af8a8ba659a1630b36bf919,242399,10930993,14,neutral,run_14_snap_10930992
Sepolia,4,openClaim,cc97871a085ecad0e9eeb9737508a10170d8d0b85236021b73fb9078bf7d89b3,196136,10930994,15,neutral,run_15
Sepolia,4,submitInference,163d16afe431b3b964e76ec1c8a929dd6216e9b9bdf5b42d7dc256c6c131abdb,242399,10930995,15,neutral,run_15_snap_10930993
Sepolia,4,openClaim,f72ed65cbce95825550351b72047d4fc641d073b6d6b648c1651bbe1c7a01790,196136,10930996,16,neutral,run_16
Sepolia,4,submitInference,4d646ad437906822561710a4a87a6f16886dbc950af574a91a51d1bec2ee25e3,242399,10930997,16,neutral,run_16_snap_10930995
Sepolia,4,openClaim,8c98ad4cf3829a5757702f7768e2777f9afa3e3ba0d3ae06ed30465320646c5c,196136,10930998,17,neutral,run_17
Sepolia,4,submitInference,c0191fcf1d5cda1bcb2976088e37ad4808763e77a5fe740ec67348bf05943c39,242399,10930999,17,neutral,run_17_snap_10930997
Sepolia,4,openClaim,896b70e96983ca78f094448833e9725f958286d03d9e2518158e153096930dab,196136,10931000,18,neutral,run_18
Sepolia,4,submitInference,fbf44fa66500f264a016c99b21d85bd916f69b4dff76b970a6d176d246dadbe1,242399,10931001,18,neutral,run_18_snap_10931000
Sepolia,4,openClaim,cc58c77e8c3750f60b63b72eeb86baf3767f7b0896b667e07e47ee3dcdc58798,196136,10931002,19,neutral,run_19
Sepolia,4,submitInference,a8dc0614413c714eb2ccac97d65277a69956b0dad5f5845a18d45feeee00a1c9,242399,10931003,19,neutral,run_19_snap_10931001
Sepolia,4,CPTStore_init,5b3a2252e189d9731009929f59f50e69d78c8f6345cfad54f9680a332e992f9f,73781,11032643,,neutral,setPriors
Sepolia,4,CPTStore_init,fafeaed43a7651e91a8f3696bba6ebe13b08db13b95aa5ef184541542a210117,96181,11032644,,neutral,"setEvidenceCPT(0,0,0)"
Sepolia,4,CPTStore_init,1dbebbe35c9d3ad19b5113e6b9e9dd3df3588bf13d9dcf137d80c4a4a8f61005,96193,11032645,,neutral,"setEvidenceCPT(0,0,1)"
Sepolia,4,CPTStore_init,94275e2850191e836defbed2d7b0892c0cc6c79343f8d7160819a98ea8eb24d9,96193,11032646,,neutral,"setEvidenceCPT(0,1,0)"
Sepolia,4,CPTStore_init,8eef99821f7ee7de7fbbcf553b8c95136eaad5f26f2fd284e98ff8e21af747af,96205,11032647,,neutral,"setEvidenceCPT(0,1,1)"
Sepolia,4,CPTStore_init,2f1e49c7d71bca04b0a30eef12ee275c491e20fe7b96fa553b6429d488830597,96193,11032648,,neutral,"setEvidenceCPT(1,0,0)"
Sepolia,4,CPTStore_init,c11f72ffbe0f46609b001ae98e7de3b2e9e020dae8804ae4b571ee4219aaec1a,96205,11032649,,neutral,"setEvidenceCPT(1,0,1)"
Sepolia,4,CPTStore_init,ed6bf11c710029f4a64719de00edf029940d4b8154192c08a04a40fbe5d85ec6,96205,11032650,,neutral,"setEvidenceCPT(1,1,0)"
Sepolia,4,CPTStore_init,7a5963b6b919ef3ba0f10188132b7500240e775f3a3e0b52552ef3aa11259dd4,96217,11032651,,neutral,"setEvidenceCPT(1,1,1)"
Sepolia,4,CPTStore_init,2d70d3182cb7d75873c37389d519f09761d889810f1e0db7c238ce82f814138c,96193,11032652,,neutral,"setEvidenceCPT(2,0,0)"
Sepolia,4,CPTStore_init,5dae360553dbabe193776b8163e6399ecf8976bfa5535958e130f705eb33384a,96205,11032653,,neutral,"setEvidenceCPT(2,0,1)"
Sepolia,4,CPTStore_init,b5d2cb93648745a6142756cd688a9b1f5f6ca693711c9b5cbe922def27f2e187,96205,11032654,,neutral,"setEvidenceCPT(2,1,0)"
Sepolia,4,CPTStore_init,870191f6aed8c7a5edf5e75bd4a081d631a8acdae640216aaa63903da8569fb6,96217,11032655,,neutral,"setEvidenceCPT(2,1,1)"
Sepolia,4,CPTStore_init,e2a47c70d1af6a5a777d5eef9a78fbbd534101762cb4e3698aac82b0f0057304,96193,11032656,,neutral,"setEvidenceCPT(3,0,0)"
Sepolia,4,CPTStore_init,f5589d89eaa1c51dd47bf71863b16507a24aeed5943e4d4bf6a52bc9c5e875b5,96205,11032657,,neutral,"setEvidenceCPT(3,0,1)"
Sepolia,4,CPTStore_init,d6a6c9e77c71fd247dbd9727b688f917c7d01549c142b75e6bb1b1876ae1143d,96205,11032658,,neutral,"setEvidenceCPT(3,1,0)"
Sepolia,4,CPTStore_init,e5fea0676806bbfade39f158b5d16905a7f06f0467be8bc5d5e1fe1dfc2767b7,96217,11032659,,neutral,"setEvidenceCPT(3,1,1)"
Sepolia,4,CPTStore_init,b37b53289587c9cd057875ce6f2a059f9cc7f51c4562594956172d94ffce0743,80726,11032660,,asymmetric,setPriors
Sepolia,4,CPTStore_init,9865b6a1357583040a03c6b6b0a6f66a0d848d41c322ff52689fc44b976ea91d,79195,11032661,,asymmetric,"setEvidenceCPT(0,1,0)"
Sepolia,4,CPTStore_init,b0dc82abfcc26d85425979608955623d6178d465682504c048f627e7ea005f1f,79195,11032662,,asymmetric,"setEvidenceCPT(0,0,1)"
Sepolia,4,CPTStore_init,136860f95ee3c4ad43f7f7105192b7c4d741bd623fb58136cad8b7aba53d6991,79195,11032663,,asymmetric,"setEvidenceCPT(0,1,1)"
Sepolia,4,CPTStore_init,c4f03540adc00bb4aac69872ce0403acbc8f1e214770415cf944b76ebd848066,79185,11032664,,asymmetric,"setEvidenceCPT(0,0,0)"
Sepolia,4,CPTStore_init,047d3392501241a8ec1ab43ee008fd53d5908c158aeb2efd57d12a24860d8028,79204,11032665,,asymmetric,"setEvidenceCPT(1,1,0)"
Sepolia,4,CPTStore_init,cd8232dfb50b13868906b62a5cf29ab8a96931b25f744e6b20b2b1eb89e1186f,79204,11032666,,asymmetric,"setEvidenceCPT(1,0,1)"
Sepolia,4,CPTStore_init,179ade5ba135f13783fd438c8028fdcb819a1d1f26c9ee500cbceefb099d3900,79214,11032667,,asymmetric,"setEvidenceCPT(1,1,1)"
Sepolia,4,CPTStore_init,abf58801b44b8d37b6c12c977b232e041fcf7a8f05cc970314c49650259a9e3f,79195,11032668,,asymmetric,"setEvidenceCPT(1,0,0)"
Sepolia,4,CPTStore_init,a7c051fd01bf480eb985786636d3c387d940197b8d05dba37c7b22aebcf2157c,79204,11032669,,asymmetric,"setEvidenceCPT(2,1,0)"
Sepolia,4,CPTStore_init,187bf64b12adc51462565c5502bc2b6ce990f23ef98b740898af9fdc60a28e9c,79204,11032670,,asymmetric,"setEvidenceCPT(2,0,1)"
Sepolia,4,CPTStore_init,729d3fad1cff47b3bf3b230538ce01457d9e1038e12b09eabc67bdcdb5367a1a,79214,11032671,,asymmetric,"setEvidenceCPT(2,1,1)"
Sepolia,4,CPTStore_init,78d7504e029520ec412b7b77f25aa0fb0a4b67a0ffaf9109acda95479edf1f36,79195,11032672,,asymmetric,"setEvidenceCPT(2,0,0)"
Sepolia,4,CPTStore_init,683b2d9f280abd6b9037ef35f7ac5e203723048e8a2be59b8b477c55744a81fd,79195,11032673,,asymmetric,"setEvidenceCPT(3,1,0)"
Sepolia,4,CPTStore_init,1e1e72f620f0e264e6dfabf6d6d4f878cd2a6f69e78c1334bb2a09acd63cbc9e,79204,11032674,,asymmetric,"setEvidenceCPT(3,0,1)"
Sepolia,4,CPTStore_init,8ef8f79a620ba6a04e06831ed1226663838bab12d88441e00214aa94ae910208,79214,11032675,,asymmetric,"setEvidenceCPT(3,1,1)"
Sepolia,4,CPTStore_init,a5e46450eea630f8e3cf16be382a744bb590f95e7d8c210054cb44ab1eaf0de2,79195,11032676,,asymmetric,"setEvidenceCPT(3,0,0)"
Sepolia,4,openClaim,b996d3c3f43fc4126fa8ecd7b199b43051c3fec10cb5938187d5b9cc0c5fb63f,196136,11032694,1,neutral,run_0
Sepolia,4,submitInference,c332c3487c00d7a2f17e0b30dc216b1ea43148f9e9ab80271deebaeeeef01ee5,242399,11032695,1,neutral,run_0_snap_11032694
Sepolia,4,openClaim,3d8441451a5c7a36afb3291a9ee108b5d242bb48b93ef679a38b04d2db05c4e5,196112,11032696,2,neutral,run_1
Sepolia,4,submitInference,434126dc9e8bc22ef98aac2f82c9c9d5e5d045eb5d5a80b1d53010cf96753f18,242399,11032697,2,neutral,run_1_snap_11032696
Sepolia,4,openClaim,1ffd661a01feaf2cec5dd07dd813bcfb82f087a21e2d082cafe87f29f8be69e6,196136,11032698,3,neutral,run_2
Sepolia,4,submitInference,095f5904a74fbe649507d468d5695c5d34d66047a44999a488196c1f1605173f,242399,11032699,3,neutral,run_2_snap_11032697
Sepolia,4,openClaim,066455062606edf5254b35a2427f2e84ea57cfe908fce658f1cca13e2e5e072a,196136,11032700,4,neutral,run_3
Sepolia,4,submitInference,85e1bac9d2d2bb05039e3dc5032de9bff029db6c57753322f88b7fe433834705,242399,11032701,4,neutral,run_3_snap_11032699
Sepolia,4,openClaim,5f3b2735d302e1c9b3dff5bd65bb597733a772815c1d069d1360ef96e187e384,196136,11032702,5,neutral,run_4
Sepolia,4,submitInference,9a35c2f712ed7da66a4b5980909bf3f41d14e04868396b4cee3941ef877226cb,242399,11032703,5,neutral,run_4_snap_11032701
Sepolia,4,openClaim,45bace950c8bf47af4fd4dd5b1d948f2ad5242a528910218d7ac45d47731603a,196136,11032704,6,neutral,run_5
Sepolia,4,submitInference,9e42479698fca009105050a18941a73a5f39d43020727d9139d0bd866a2f0b73,242399,11032705,6,neutral,run_5_snap_11032703
Sepolia,4,openClaim,72246017e486538494b8307ec3a9485e5267a3b4f16c1322e7a7de12f3b52719,196136,11032706,7,neutral,run_6
Sepolia,4,submitInference,f9abab9cb66533419169a8177819d2e65fe38bc598d24a0f6255e2e89df037c6,242399,11032707,7,neutral,run_6_snap_11032705
Sepolia,4,openClaim,8438c8e60e3fd3f800e82570eff57b3d1e10a2d641e9fc381768111a760fea79,196136,11032708,8,neutral,run_7
Sepolia,4,submitInference,ddb212c201424c3882e6768bfde7895d2da7299bc768fb9223ab6a9f010063d7,242399,11032709,8,neutral,run_7_snap_11032707
Sepolia,4,openClaim,7991cfb490f3285b8c2c9b29fd4783d2858b173a2799490735d4023d3c61c460,196136,11032710,9,neutral,run_8
Sepolia,4,submitInference,2854319c7494dcbbb1381e353a00e9ef0fa4a501364eec4fb073d954e66358d1,242399,11032711,9,neutral,run_8_snap_11032710
Sepolia,4,openClaim,f5d1dd5e201b95bb73b94c86168b88bbf1fc1a62bc4b377fe8bc12b4a8a9c0d8,196136,11032712,10,neutral,run_9
Sepolia,4,submitInference,078a1b1daa1655edeb7bc07057b3aa57dc64f072b8a735bcc7fbad88cfa7d2d4,242399,11032713,10,neutral,run_9_snap_11032711
Sepolia,4,openClaim,42e21e44d1e44a64b0bb23e6b38ccb9be98a7a518938ee3a15dd812863374493,196136,11032714,11,neutral,run_10
Sepolia,4,submitInference,5eece0e8abe0558ec0d35a42611c1eb6677507ab9095c892b017f1eea6f1cd00,242399,11032715,11,neutral,run_10_snap_11032714
Sepolia,4,openClaim,2ebe17efdcfb5dd82df11dfff16f664af78b4d14635391b60ec978d1914e4709,196136,11032716,12,neutral,run_11
Sepolia,4,submitInference,996ab62415b4098e6de2f5a60efcb61ca986791f9fe1e2afe6b87128bda4baf4,242399,11032717,12,neutral,run_11_snap_11032715
Sepolia,4,openClaim,4fa7de0a5cd304076b0efcefcd89bbb45fe1aa9c913fbb6e6d1e87e6cdda9aea,196136,11032718,13,neutral,run_12
Sepolia,4,submitInference,c5a6b612436cb9a8e09e899a16fcd8bf57ad0d5aa4819f77cd3752e907ec5e3a,242399,11032719,13,neutral,run_12_snap_11032717
Sepolia,4,openClaim,5321c39455f87d9986a7a22a75ff47df7dc5ac0f9c486fdd4ed4fb67cc37e23d,196136,11032720,14,neutral,run_13
Sepolia,4,submitInference,2d61186106f050c12b03186c76cff1af74d0728dc481b249e4ccd26f10993249,242399,11032721,14,neutral,run_13_snap_11032720
Sepolia,4,openClaim,8294105e16ea12ad80cd1098a8b06d0d925ce5fe600ad57b9ebc9169615e4e80,196136,11032722,15,neutral,run_14
Sepolia,4,submitInference,63494580c342970d2d5014c00b8198993fda2e31be5485149b3bb646a017b2ac,242399,11032723,15,neutral,run_14_snap_11032721
Sepolia,4,openClaim,3f934db05af0c5ec1c4ff26018237139103083c407661a163184b0a1211eff2e,196136,11032724,16,neutral,run_15
Sepolia,4,submitInference,3c492ef57307a2e80d87624c48d915544480b9869459518bb58851517df4fedb,242399,11032725,16,neutral,run_15_snap_11032723
Sepolia,4,openClaim,3e0680567eb500248652cc120dcd12c4b10ce15533023056e19af2963d65961d,196136,11032726,17,neutral,run_16
Sepolia,4,submitInference,312f33511884d82260f6aadc0fe5efab2392e1c403717ec2fca4d72c69603986,242399,11032727,17,neutral,run_16_snap_11032726
Sepolia,4,openClaim,eeb6170c438a52d56f5f7a9bbbd1c0a3ffc6ab27b019ae5825864766ed9c12c9,196136,11032728,18,neutral,run_17
Sepolia,4,submitInference,77c23e0327fa39f1758c87a8178eb4223bb0034e1a1ddc3f2eff2abd04205c81,242399,11032729,18,neutral,run_17_snap_11032727
Sepolia,4,openClaim,b16c85f8f157c5a6094a1c2c3208608918c9eeb8c640b17fc96ea8b070bd54bd,196136,11032730,19,neutral,run_18
Sepolia,4,submitInference,4d0fcc630f7bb8b0e68dd7026f5f148ca7e3078356e13130c8d9ecdfc3154ea3,242399,11032731,19,neutral,run_18_snap_11032729
Sepolia,4,openClaim,2ff0d7988a90f2c942d57defb07775790d7e02c912e29c0caa2582dc6fbd3066,196136,11032732,20,neutral,run_19
Sepolia,4,submitInference,452c556c2951ec7aa575b435c9e51a9b11e29722e5bd6f889184d87fe7c883bb,242399,11032733,20,neutral,run_19_snap_11032732
