transaction_type,op_sub_type,profile,bn_size_config,gas_used,block_number,transaction_hash,deployment_id,cptstore_address,claimregistry_address,evidenceregistry_address,oraclecontroller_address,bn_instance_id,run_id
CPTStore_init,setPriors,neutral,4,80726,11469811,e9e7f66f0c7bbaeb72182ab43e4e08350d09c227c3a4e98c75c6c8efbcb14e5a,0x71668f737d859d977DA13f952f3F0B03DC00ca01,0x6a351aF33059B2a361F44d7E924AEA31BbC8dccc,0xf16b44768983C68FE418764ec2b740EA7eA14635,0xa2e36d0bE698E54cD61d1b0be224fB81ee56d494,0x71668f737d859d977DA13f952f3F0B03DC00ca01,0x7497ecdac61fd9d1a089b81f068b50d5e136eb9b0d69d320c59b15cdb18772e5,20260812_005629
CPTStore_init,setCPT_GPS_00,neutral,4,79185,11469812,b1464e2a68f0b65300fac86ff1060f1e524dd4ca4735a1c0c06a75bb62244a87,0x71668f737d859d977DA13f952f3F0B03DC00ca01,0x6a351aF33059B2a361F44d7E924AEA31BbC8dccc,0xf16b44768983C68FE418764ec2b740EA7eA14635,0xa2e36d0bE698E54cD61d1b0be224fB81ee56d494,0x71668f737d859d977DA13f952f3F0B03DC00ca01,0x7497ecdac61fd9d1a089b81f068b50d5e136eb9b0d69d320c59b15cdb18772e5,20260812_005629
CPTStore_init,setCPT_GPS_01,neutral,4,79195,11469813,d15fc364cc5ea10a2e6cdc389286d24b350cd19efcaff1a9029321291be40f6d,0x71668f737d859d977DA13f952f3F0B03DC00ca01,0x6a351aF33059B2a361F44d7E924AEA31BbC8dccc,0xf16b44768983C68FE418764ec2b740EA7eA14635,0xa2e36d0bE698E54cD61d1b0be224fB81ee56d494,0x71668f737d859d977DA13f952f3F0B03DC00ca01,0x7497ecdac61fd9d1a089b81f068b50d5e136eb9b0d69d320c59b15cdb18772e5,20260812_005629
CPTStore_init,setCPT_GPS_10,neutral,4,79195,11469814,520a0c10bd1cb2b8742fa8f161ed7759adf6f8954e25b63d3f1e1a2bc1620978,0x71668f737d859d977DA13f952f3F0B03DC00ca01,0x6a351aF33059B2a361F44d7E924AEA31BbC8dccc,0xf16b44768983C68FE418764ec2b740EA7eA14635,0xa2e36d0bE698E54cD61d1b0be224fB81ee56d494,0x71668f737d859d977DA13f952f3F0B03DC00ca01,0x7497ecdac61fd9d1a089b81f068b50d5e136eb9b0d69d320c59b15cdb18772e5,20260812_005629
CPTStore_init,setCPT_GPS_11,neutral,4,79204,11469815,ec8658ed3aa0bbbc24956002c009131a99242d377e44b71fd22326154c846bda,0x71668f737d859d977DA13f952f3F0B03DC00ca01,0x6a351aF33059B2a361F44d7E924AEA31BbC8dccc,0xf16b44768983C68FE418764ec2b740EA7eA14635,0xa2e36d0bE698E54cD61d1b0be224fB81ee56d494,0x71668f737d859d977DA13f952f3F0B03DC00ca01,0x7497ecdac61fd9d1a089b81f068b50d5e136eb9b0d69d320c59b15cdb18772e5,20260812_005629
CPTStore_init,setCPT_PC_00,neutral,4,79195,11469816,437633f21ed0af52a9c72cc220e36ddd027c9abf3f49e0de408525c6f282eae9,0x71668f737d859d977DA13f952f3F0B03DC00ca01,0x6a351aF33059B2a361F44d7E924AEA31BbC8dccc,0xf16b44768983C68FE418764ec2b740EA7eA14635,0xa2e36d0bE698E54cD61d1b0be224fB81ee56d494,0x71668f737d859d977DA13f952f3F0B03DC00ca01,0x7497ecdac61fd9d1a089b81f068b50d5e136eb9b0d69d320c59b15cdb18772e5,20260812_005629
CPTStore_init,setCPT_PC_01,neutral,4,79204,11469817,9e7454a666a931d087d71e9ad253dba5b99c0820ae008d76ea1f21c236e6fd63,0x71668f737d859d977DA13f952f3F0B03DC00ca01,0x6a351aF33059B2a361F44d7E924AEA31BbC8dccc,0xf16b44768983C68FE418764ec2b740EA7eA14635,0xa2e36d0bE698E54cD61d1b0be224fB81ee56d494,0x71668f737d859d977DA13f952f3F0B03DC00ca01,0x7497ecdac61fd9d1a089b81f068b50d5e136eb9b0d69d320c59b15cdb18772e5,20260812_005629
CPTStore_init,setCPT_PC_10,neutral,4,79204,11469818,64d7351dbfc6d8108380d224c3e6fedeb5e871f0cc9d87013d346fbc1d883316,0x71668f737d859d977DA13f952f3F0B03DC00ca01,0x6a351aF33059B2a361F44d7E924AEA31BbC8dccc,0xf16b44768983C68FE418764ec2b740EA7eA14635,0xa2e36d0bE698E54cD61d1b0be224fB81ee56d494,0x71668f737d859d977DA13f952f3F0B03DC00ca01,0x7497ecdac61fd9d1a089b81f068b50d5e136eb9b0d69d320c59b15cdb18772e5,20260812_005629
CPTStore_init,setCPT_PC_11,neutral,4,79214,11469819,5803d88a13d2b44e632d11573ecd5f73370c64930f70ccc9f64461ec3130aa21,0x71668f737d859d977DA13f952f3F0B03DC00ca01,0x6a351aF33059B2a361F44d7E924AEA31BbC8dccc,0xf16b44768983C68FE418764ec2b740EA7eA14635,0xa2e36d0bE698E54cD61d1b0be224fB81ee56d494,0x71668f737d859d977DA13f952f3F0B03DC00ca01,0x7497ecdac61fd9d1a089b81f068b50d5e136eb9b0d69d320c59b15cdb18772e5,20260812_005629
CPTStore_init,setCPT_PMD_00,neutral,4,79195,11469820,6f5e78088d565e08ceda921032f20424dac47200bae3bb5f46bc39939d765f32,0x71668f737d859d977DA13f952f3F0B03DC00ca01,0x6a351aF33059B2a361F44d7E924AEA31BbC8dccc,0xf16b44768983C68FE418764ec2b740EA7eA14635,0xa2e36d0bE698E54cD61d1b0be224fB81ee56d494,0x71668f737d859d977DA13f952f3F0B03DC00ca01,0x7497ecdac61fd9d1a089b81f068b50d5e136eb9b0d69d320c59b15cdb18772e5,20260812_005629
CPTStore_init,setCPT_PMD_01,neutral,4,79204,11469821,4a3989e52b413fc7e7f1c430048e33e8ea5613676b3f34b2f1ba6911fddf4df9,0x71668f737d859d977DA13f952f3F0B03DC00ca01,0x6a351aF33059B2a361F44d7E924AEA31BbC8dccc,0xf16b44768983C68FE418764ec2b740EA7eA14635,0xa2e36d0bE698E54cD61d1b0be224fB81ee56d494,0x71668f737d859d977DA13f952f3F0B03DC00ca01,0x7497ecdac61fd9d1a089b81f068b50d5e136eb9b0d69d320c59b15cdb18772e5,20260812_005629
CPTStore_init,setCPT_PMD_10,neutral,4,79204,11469822,ebe1a1955ca33a1fae8f786d759f06e2c1d4e79c072c704384f18b79ddcc78d4,0x71668f737d859d977DA13f952f3F0B03DC00ca01,0x6a351aF33059B2a361F44d7E924AEA31BbC8dccc,0xf16b44768983C68FE418764ec2b740EA7eA14635,0xa2e36d0bE698E54cD61d1b0be224fB81ee56d494,0x71668f737d859d977DA13f952f3F0B03DC00ca01,0x7497ecdac61fd9d1a089b81f068b50d5e136eb9b0d69d320c59b15cdb18772e5,20260812_005629
CPTStore_init,setCPT_PMD_11,neutral,4,79214,11469823,31f302762a6f90af5c01d178705ee686b2ce35f71b1392a38a9fbe570ec9f2c3,0x71668f737d859d977DA13f952f3F0B03DC00ca01,0x6a351aF33059B2a361F44d7E924AEA31BbC8dccc,0xf16b44768983C68FE418764ec2b740EA7eA14635,0xa2e36d0bE698E54cD61d1b0be224fB81ee56d494,0x71668f737d859d977DA13f952f3F0B03DC00ca01,0x7497ecdac61fd9d1a089b81f068b50d5e136eb9b0d69d320c59b15cdb18772e5,20260812_005629
CPTStore_init,setCPT_PR_00,neutral,4,79195,11469824,6c7abeb142c8ff7162a796b4d4b341b44441f514a6e303496d16ec96e4b0ccbc,0x71668f737d859d977DA13f952f3F0B03DC00ca01,0x6a351aF33059B2a361F44d7E924AEA31BbC8dccc,0xf16b44768983C68FE418764ec2b740EA7eA14635,0xa2e36d0bE698E54cD61d1b0be224fB81ee56d494,0x71668f737d859d977DA13f952f3F0B03DC00ca01,0x7497ecdac61fd9d1a089b81f068b50d5e136eb9b0d69d320c59b15cdb18772e5,20260812_005629
CPTStore_init,setCPT_PR_01,neutral,4,79204,11469825,b0488419fd90176e356f458fc1152cfdb51b583e5a21a5ecb8b7706a226cac70,0x71668f737d859d977DA13f952f3F0B03DC00ca01,0x6a351aF33059B2a361F44d7E924AEA31BbC8dccc,0xf16b44768983C68FE418764ec2b740EA7eA14635,0xa2e36d0bE698E54cD61d1b0be224fB81ee56d494,0x71668f737d859d977DA13f952f3F0B03DC00ca01,0x7497ecdac61fd9d1a089b81f068b50d5e136eb9b0d69d320c59b15cdb18772e5,20260812_005629
CPTStore_init,setCPT_PR_10,neutral,4,79204,11469826,b8cc7228ea858b9b8ae119d0656eac9f91a5ff151f2188c9d59ed99a86b8679c,0x71668f737d859d977DA13f952f3F0B03DC00ca01,0x6a351aF33059B2a361F44d7E924AEA31BbC8dccc,0xf16b44768983C68FE418764ec2b740EA7eA14635,0xa2e36d0bE698E54cD61d1b0be224fB81ee56d494,0x71668f737d859d977DA13f952f3F0B03DC00ca01,0x7497ecdac61fd9d1a089b81f068b50d5e136eb9b0d69d320c59b15cdb18772e5,20260812_005629
CPTStore_init,setCPT_PR_11,neutral,4,79214,11469827,04a251dc7edba00010cc91b0f87f4761de34bf13fbe0ddca06770afbd28b59c8,0x71668f737d859d977DA13f952f3F0B03DC00ca01,0x6a351aF33059B2a361F44d7E924AEA31BbC8dccc,0xf16b44768983C68FE418764ec2b740EA7eA14635,0xa2e36d0bE698E54cD61d1b0be224fB81ee56d494,0x71668f737d859d977DA13f952f3F0B03DC00ca01,0x7497ecdac61fd9d1a089b81f068b50d5e136eb9b0d69d320c59b15cdb18772e5,20260812_005629
CPTStore_init,setPriors,asymmetric,4,80726,11469828,2d6af033663a088d96aedcec346ab00432d8451019536c0896e7188f61df9b78,0x71668f737d859d977DA13f952f3F0B03DC00ca01,0x6a351aF33059B2a361F44d7E924AEA31BbC8dccc,0xf16b44768983C68FE418764ec2b740EA7eA14635,0xa2e36d0bE698E54cD61d1b0be224fB81ee56d494,0x71668f737d859d977DA13f952f3F0B03DC00ca01,0x7497ecdac61fd9d1a089b81f068b50d5e136eb9b0d69d320c59b15cdb18772e5,20260812_005629
CPTStore_init,setCPT_GPS_00,asymmetric,4,79185,11469829,bcb49c28bfeb320fea39ac26bfc27481f19fc9adf51974b1d2b03a3af3baf0e4,0x71668f737d859d977DA13f952f3F0B03DC00ca01,0x6a351aF33059B2a361F44d7E924AEA31BbC8dccc,0xf16b44768983C68FE418764ec2b740EA7eA14635,0xa2e36d0bE698E54cD61d1b0be224fB81ee56d494,0x71668f737d859d977DA13f952f3F0B03DC00ca01,0x7497ecdac61fd9d1a089b81f068b50d5e136eb9b0d69d320c59b15cdb18772e5,20260812_005629
CPTStore_init,setCPT_GPS_01,asymmetric,4,79195,11469830,8f1fe78e2486e924fa167ebe77ee1d74507895d3fd51e064eb68d50c67869de3,0x71668f737d859d977DA13f952f3F0B03DC00ca01,0x6a351aF33059B2a361F44d7E924AEA31BbC8dccc,0xf16b44768983C68FE418764ec2b740EA7eA14635,0xa2e36d0bE698E54cD61d1b0be224fB81ee56d494,0x71668f737d859d977DA13f952f3F0B03DC00ca01,0x7497ecdac61fd9d1a089b81f068b50d5e136eb9b0d69d320c59b15cdb18772e5,20260812_005629
CPTStore_init,setCPT_GPS_10,asymmetric,4,79195,11469831,d4c7df956940716ead4b28f94e3a6469d4d5a0f7b8fd75904041d87c1d2bcd05,0x71668f737d859d977DA13f952f3F0B03DC00ca01,0x6a351aF33059B2a361F44d7E924AEA31BbC8dccc,0xf16b44768983C68FE418764ec2b740EA7eA14635,0xa2e36d0bE698E54cD61d1b0be224fB81ee56d494,0x71668f737d859d977DA13f952f3F0B03DC00ca01,0x7497ecdac61fd9d1a089b81f068b50d5e136eb9b0d69d320c59b15cdb18772e5,20260812_005629
CPTStore_init,setCPT_GPS_11,asymmetric,4,79195,11469832,ba8f79afe6de9bb8883fbc711ed3d02e3703b4b09dfaad125c0b73e3320812dc,0x71668f737d859d977DA13f952f3F0B03DC00ca01,0x6a351aF33059B2a361F44d7E924AEA31BbC8dccc,0xf16b44768983C68FE418764ec2b740EA7eA14635,0xa2e36d0bE698E54cD61d1b0be224fB81ee56d494,0x71668f737d859d977DA13f952f3F0B03DC00ca01,0x7497ecdac61fd9d1a089b81f068b50d5e136eb9b0d69d320c59b15cdb18772e5,20260812_005629
CPTStore_init,setCPT_PC_00,asymmetric,4,79195,11469833,6c028da66cb5a2250bee136a00f456e755c801ed5fff4cfaabb0e7b0a2ed5e38,0x71668f737d859d977DA13f952f3F0B03DC00ca01,0x6a351aF33059B2a361F44d7E924AEA31BbC8dccc,0xf16b44768983C68FE418764ec2b740EA7eA14635,0xa2e36d0bE698E54cD61d1b0be224fB81ee56d494,0x71668f737d859d977DA13f952f3F0B03DC00ca01,0x7497ecdac61fd9d1a089b81f068b50d5e136eb9b0d69d320c59b15cdb18772e5,20260812_005629
CPTStore_init,setCPT_PC_01,asymmetric,4,79204,11469834,ec4084714b5e077949cb42f6d6bee03b3c3c255c6790ded7fa0088800f3de612,0x71668f737d859d977DA13f952f3F0B03DC00ca01,0x6a351aF33059B2a361F44d7E924AEA31BbC8dccc,0xf16b44768983C68FE418764ec2b740EA7eA14635,0xa2e36d0bE698E54cD61d1b0be224fB81ee56d494,0x71668f737d859d977DA13f952f3F0B03DC00ca01,0x7497ecdac61fd9d1a089b81f068b50d5e136eb9b0d69d320c59b15cdb18772e5,20260812_005629
CPTStore_init,setCPT_PC_10,asymmetric,4,79204,11469835,6a29f9d190923cdc288ed6d242d23d11fdd700d5cd1389fe39f11e82234ca307,0x71668f737d859d977DA13f952f3F0B03DC00ca01,0x6a351aF33059B2a361F44d7E924AEA31BbC8dccc,0xf16b44768983C68FE418764ec2b740EA7eA14635,0xa2e36d0bE698E54cD61d1b0be224fB81ee56d494,0x71668f737d859d977DA13f952f3F0B03DC00ca01,0x7497ecdac61fd9d1a089b81f068b50d5e136eb9b0d69d320c59b15cdb18772e5,20260812_005629
CPTStore_init,setCPT_PC_11,asymmetric,4,79214,11469836,56129dd560bbd930d592fb84f1adcfc61632600db428e6067c806ed203979eae,0x71668f737d859d977DA13f952f3F0B03DC00ca01,0x6a351aF33059B2a361F44d7E924AEA31BbC8dccc,0xf16b44768983C68FE418764ec2b740EA7eA14635,0xa2e36d0bE698E54cD61d1b0be224fB81ee56d494,0x71668f737d859d977DA13f952f3F0B03DC00ca01,0x7497ecdac61fd9d1a089b81f068b50d5e136eb9b0d69d320c59b15cdb18772e5,20260812_005629
CPTStore_init,setCPT_PMD_00,asymmetric,4,79195,11469837,97efac8ea66c531a42764d372e0f520e333aeb2e54046107a002e05358afd87e,0x71668f737d859d977DA13f952f3F0B03DC00ca01,0x6a351aF33059B2a361F44d7E924AEA31BbC8dccc,0xf16b44768983C68FE418764ec2b740EA7eA14635,0xa2e36d0bE698E54cD61d1b0be224fB81ee56d494,0x71668f737d859d977DA13f952f3F0B03DC00ca01,0x7497ecdac61fd9d1a089b81f068b50d5e136eb9b0d69d320c59b15cdb18772e5,20260812_005629
CPTStore_init,setCPT_PMD_01,asymmetric,4,79204,11469838,8e824dadb2b876348441bc8f5bc8a9addc27afdd3d8d547754873994c401e23d,0x71668f737d859d977DA13f952f3F0B03DC00ca01,0x6a351aF33059B2a361F44d7E924AEA31BbC8dccc,0xf16b44768983C68FE418764ec2b740EA7eA14635,0xa2e36d0bE698E54cD61d1b0be224fB81ee56d494,0x71668f737d859d977DA13f952f3F0B03DC00ca01,0x7497ecdac61fd9d1a089b81f068b50d5e136eb9b0d69d320c59b15cdb18772e5,20260812_005629
CPTStore_init,setCPT_PMD_10,asymmetric,4,79204,11469839,1f8fea6df11425bff81cd429b8a9526f85e0b931b398d255096870c603762616,0x71668f737d859d977DA13f952f3F0B03DC00ca01,0x6a351aF33059B2a361F44d7E924AEA31BbC8dccc,0xf16b44768983C68FE418764ec2b740EA7eA14635,0xa2e36d0bE698E54cD61d1b0be224fB81ee56d494,0x71668f737d859d977DA13f952f3F0B03DC00ca01,0x7497ecdac61fd9d1a089b81f068b50d5e136eb9b0d69d320c59b15cdb18772e5,20260812_005629
CPTStore_init,setCPT_PMD_11,asymmetric,4,79214,11469840,55302e90af8f87d820addbec6db46b729f29b994136850a1b4959a4c4c31436d,0x71668f737d859d977DA13f952f3F0B03DC00ca01,0x6a351aF33059B2a361F44d7E924AEA31BbC8dccc,0xf16b44768983C68FE418764ec2b740EA7eA14635,0xa2e36d0bE698E54cD61d1b0be224fB81ee56d494,0x71668f737d859d977DA13f952f3F0B03DC00ca01,0x7497ecdac61fd9d1a089b81f068b50d5e136eb9b0d69d320c59b15cdb18772e5,20260812_005629
CPTStore_init,setCPT_PR_00,asymmetric,4,79195,11469841,ce1c1dd20cd8690a039557c8f1ce65dece8d7a1348bbd7f31dc97dfd39e25235,0x71668f737d859d977DA13f952f3F0B03DC00ca01,0x6a351aF33059B2a361F44d7E924AEA31BbC8dccc,0xf16b44768983C68FE418764ec2b740EA7eA14635,0xa2e36d0bE698E54cD61d1b0be224fB81ee56d494,0x71668f737d859d977DA13f952f3F0B03DC00ca01,0x7497ecdac61fd9d1a089b81f068b50d5e136eb9b0d69d320c59b15cdb18772e5,20260812_005629
CPTStore_init,setCPT_PR_01,asymmetric,4,79204,11469842,3f626c3c539777b7718023f9fca3e3bd84548ca3b417f180f67f38cb93e869e4,0x71668f737d859d977DA13f952f3F0B03DC00ca01,0x6a351aF33059B2a361F44d7E924AEA31BbC8dccc,0xf16b44768983C68FE418764ec2b740EA7eA14635,0xa2e36d0bE698E54cD61d1b0be224fB81ee56d494,0x71668f737d859d977DA13f952f3F0B03DC00ca01,0x7497ecdac61fd9d1a089b81f068b50d5e136eb9b0d69d320c59b15cdb18772e5,20260812_005629
CPTStore_init,setCPT_PR_10,asymmetric,4,79195,11469843,657fb8ad73221d9abe3d66b7b271da98c9a00ad01ce2228f2829001d1824d291,0x71668f737d859d977DA13f952f3F0B03DC00ca01,0x6a351aF33059B2a361F44d7E924AEA31BbC8dccc,0xf16b44768983C68FE418764ec2b740EA7eA14635,0xa2e36d0bE698E54cD61d1b0be224fB81ee56d494,0x71668f737d859d977DA13f952f3F0B03DC00ca01,0x7497ecdac61fd9d1a089b81f068b50d5e136eb9b0d69d320c59b15cdb18772e5,20260812_005629
CPTStore_init,setCPT_PR_11,asymmetric,4,79214,11469844,cd63f09beae88a07c5180264dc24f1f4036a31c20fe60ee601c90e339139a239,0x71668f737d859d977DA13f952f3F0B03DC00ca01,0x6a351aF33059B2a361F44d7E924AEA31BbC8dccc,0xf16b44768983C68FE418764ec2b740EA7eA14635,0xa2e36d0bE698E54cD61d1b0be224fB81ee56d494,0x71668f737d859d977DA13f952f3F0B03DC00ca01,0x7497ecdac61fd9d1a089b81f068b50d5e136eb9b0d69d320c59b15cdb18772e5,20260812_005629
openClaim,openClaim,asymmetric,4,196136,11469845,42d14e5cef4c166da26cf83df171f2e357e6bd88cf23c483a1c30ab4c2613f36,0x71668f737d859d977DA13f952f3F0B03DC00ca01,0x6a351aF33059B2a361F44d7E924AEA31BbC8dccc,0xf16b44768983C68FE418764ec2b740EA7eA14635,0xa2e36d0bE698E54cD61d1b0be224fB81ee56d494,0x71668f737d859d977DA13f952f3F0B03DC00ca01,0x7497ecdac61fd9d1a089b81f068b50d5e136eb9b0d69d320c59b15cdb18772e5,20260812_005629
submitInference,submitInference,asymmetric,4,242387,11469846,6daab8fbbb36c0be020ee2fe835e1d9c00f977b74e08705ab4ce1fc06b93acff,0x71668f737d859d977DA13f952f3F0B03DC00ca01,0x6a351aF33059B2a361F44d7E924AEA31BbC8dccc,0xf16b44768983C68FE418764ec2b740EA7eA14635,0xa2e36d0bE698E54cD61d1b0be224fB81ee56d494,0x71668f737d859d977DA13f952f3F0B03DC00ca01,0x7497ecdac61fd9d1a089b81f068b50d5e136eb9b0d69d320c59b15cdb18772e5,20260812_005629
openClaim,openClaim,asymmetric,4,196136,11469847,f74deaaa278d6ce901d14c765f9ed3f5417fbe00af9010f1487f927dd2c7fd1b,0x71668f737d859d977DA13f952f3F0B03DC00ca01,0x6a351aF33059B2a361F44d7E924AEA31BbC8dccc,0xf16b44768983C68FE418764ec2b740EA7eA14635,0xa2e36d0bE698E54cD61d1b0be224fB81ee56d494,0x71668f737d859d977DA13f952f3F0B03DC00ca01,0x7497ecdac61fd9d1a089b81f068b50d5e136eb9b0d69d320c59b15cdb18772e5,20260812_005629
submitInference,submitInference,asymmetric,4,242387,11469848,b96a3aa17512918ed11feda203a6847ec417d4f7fcfdf914d4842f335f1f5284,0x71668f737d859d977DA13f952f3F0B03DC00ca01,0x6a351aF33059B2a361F44d7E924AEA31BbC8dccc,0xf16b44768983C68FE418764ec2b740EA7eA14635,0xa2e36d0bE698E54cD61d1b0be224fB81ee56d494,0x71668f737d859d977DA13f952f3F0B03DC00ca01,0x7497ecdac61fd9d1a089b81f068b50d5e136eb9b0d69d320c59b15cdb18772e5,20260812_005629
openClaim,openClaim,asymmetric,4,196136,11469849,b702e974b054921e51e15c55042cbfeba079042e4d61fca7f28c37a4a10fd172,0x71668f737d859d977DA13f952f3F0B03DC00ca01,0x6a351aF33059B2a361F44d7E924AEA31BbC8dccc,0xf16b44768983C68FE418764ec2b740EA7eA14635,0xa2e36d0bE698E54cD61d1b0be224fB81ee56d494,0x71668f737d859d977DA13f952f3F0B03DC00ca01,0x7497ecdac61fd9d1a089b81f068b50d5e136eb9b0d69d320c59b15cdb18772e5,20260812_005629
submitInference,submitInference,asymmetric,4,242387,11469850,3b5379217fee0cdce838b698e8f905f1fbfad200f8542ed85bbb9cbbd49aa7b0,0x71668f737d859d977DA13f952f3F0B03DC00ca01,0x6a351aF33059B2a361F44d7E924AEA31BbC8dccc,0xf16b44768983C68FE418764ec2b740EA7eA14635,0xa2e36d0bE698E54cD61d1b0be224fB81ee56d494,0x71668f737d859d977DA13f952f3F0B03DC00ca01,0x7497ecdac61fd9d1a089b81f068b50d5e136eb9b0d69d320c59b15cdb18772e5,20260812_005629
openClaim,openClaim,asymmetric,4,196136,11469851,342edbccc887f0cabffc00c9200a3c477498a3938c29745216e920c846e46480,0x71668f737d859d977DA13f952f3F0B03DC00ca01,0x6a351aF33059B2a361F44d7E924AEA31BbC8dccc,0xf16b44768983C68FE418764ec2b740EA7eA14635,0xa2e36d0bE698E54cD61d1b0be224fB81ee56d494,0x71668f737d859d977DA13f952f3F0B03DC00ca01,0x7497ecdac61fd9d1a089b81f068b50d5e136eb9b0d69d320c59b15cdb18772e5,20260812_005629
submitInference,submitInference,asymmetric,4,242387,11469852,3777996a1fa70024a2f5445cacd301b5cc9323ec87437498aeac177dbbfc1c9c,0x71668f737d859d977DA13f952f3F0B03DC00ca01,0x6a351aF33059B2a361F44d7E924AEA31BbC8dccc,0xf16b44768983C68FE418764ec2b740EA7eA14635,0xa2e36d0bE698E54cD61d1b0be224fB81ee56d494,0x71668f737d859d977DA13f952f3F0B03DC00ca01,0x7497ecdac61fd9d1a089b81f068b50d5e136eb9b0d69d320c59b15cdb18772e5,20260812_005629
openClaim,openClaim,asymmetric,4,196124,11469853,68b9744fb742ae0b0289dd79959407a48a70092a5634633a19d059bdf363d25e,0x71668f737d859d977DA13f952f3F0B03DC00ca01,0x6a351aF33059B2a361F44d7E924AEA31BbC8dccc,0xf16b44768983C68FE418764ec2b740EA7eA14635,0xa2e36d0bE698E54cD61d1b0be224fB81ee56d494,0x71668f737d859d977DA13f952f3F0B03DC00ca01,0x7497ecdac61fd9d1a089b81f068b50d5e136eb9b0d69d320c59b15cdb18772e5,20260812_005629
submitInference,submitInference,asymmetric,4,242387,11469854,f3216c02850d8123c012d25d4ba1386496c92e45339dea9ff98354e61ea68447,0x71668f737d859d977DA13f952f3F0B03DC00ca01,0x6a351aF33059B2a361F44d7E924AEA31BbC8dccc,0xf16b44768983C68FE418764ec2b740EA7eA14635,0xa2e36d0bE698E54cD61d1b0be224fB81ee56d494,0x71668f737d859d977DA13f952f3F0B03DC00ca01,0x7497ecdac61fd9d1a089b81f068b50d5e136eb9b0d69d320c59b15cdb18772e5,20260812_005629
openClaim,openClaim,asymmetric,4,196136,11469855,e55d5110ac761a9014023394b14955cbb9e26d3c41937f1d0e34dbd7f74942d2,0x71668f737d859d977DA13f952f3F0B03DC00ca01,0x6a351aF33059B2a361F44d7E924AEA31BbC8dccc,0xf16b44768983C68FE418764ec2b740EA7eA14635,0xa2e36d0bE698E54cD61d1b0be224fB81ee56d494,0x71668f737d859d977DA13f952f3F0B03DC00ca01,0x7497ecdac61fd9d1a089b81f068b50d5e136eb9b0d69d320c59b15cdb18772e5,20260812_005629
submitInference,submitInference,asymmetric,4,242387,11469856,627b0937426dc80ce1bed4a9f0dd357a3832dda3e6ad25fb9e71332b5545c5a6,0x71668f737d859d977DA13f952f3F0B03DC00ca01,0x6a351aF33059B2a361F44d7E924AEA31BbC8dccc,0xf16b44768983C68FE418764ec2b740EA7eA14635,0xa2e36d0bE698E54cD61d1b0be224fB81ee56d494,0x71668f737d859d977DA13f952f3F0B03DC00ca01,0x7497ecdac61fd9d1a089b81f068b50d5e136eb9b0d69d320c59b15cdb18772e5,20260812_005629
openClaim,openClaim,asymmetric,4,196136,11469857,a0baa91a935cfb49e91dc62ef79d29531fea6d135bdf5033cafde3c8f0a65cf4,0x71668f737d859d977DA13f952f3F0B03DC00ca01,0x6a351aF33059B2a361F44d7E924AEA31BbC8dccc,0xf16b44768983C68FE418764ec2b740EA7eA14635,0xa2e36d0bE698E54cD61d1b0be224fB81ee56d494,0x71668f737d859d977DA13f952f3F0B03DC00ca01,0x7497ecdac61fd9d1a089b81f068b50d5e136eb9b0d69d320c59b15cdb18772e5,20260812_005629
submitInference,submitInference,asymmetric,4,242387,11469858,5d06fbd930226100360fd4084ed366e9f83ae43233f4595d6c913a1ee7797bd6,0x71668f737d859d977DA13f952f3F0B03DC00ca01,0x6a351aF33059B2a361F44d7E924AEA31BbC8dccc,0xf16b44768983C68FE418764ec2b740EA7eA14635,0xa2e36d0bE698E54cD61d1b0be224fB81ee56d494,0x71668f737d859d977DA13f952f3F0B03DC00ca01,0x7497ecdac61fd9d1a089b81f068b50d5e136eb9b0d69d320c59b15cdb18772e5,20260812_005629
openClaim,openClaim,asymmetric,4,196136,11469859,7272ea84c81d5f7e486c80930c572fa7aeb35a69446304ffb16b6643448c9faf,0x71668f737d859d977DA13f952f3F0B03DC00ca01,0x6a351aF33059B2a361F44d7E924AEA31BbC8dccc,0xf16b44768983C68FE418764ec2b740EA7eA14635,0xa2e36d0bE698E54cD61d1b0be224fB81ee56d494,0x71668f737d859d977DA13f952f3F0B03DC00ca01,0x7497ecdac61fd9d1a089b81f068b50d5e136eb9b0d69d320c59b15cdb18772e5,20260812_005629
submitInference,submitInference,asymmetric,4,242387,11469860,46d18c2ed33dd28d90900d00a1f6ad1c03129a9474b8aa25b67458013d2f3a27,0x71668f737d859d977DA13f952f3F0B03DC00ca01,0x6a351aF33059B2a361F44d7E924AEA31BbC8dccc,0xf16b44768983C68FE418764ec2b740EA7eA14635,0xa2e36d0bE698E54cD61d1b0be224fB81ee56d494,0x71668f737d859d977DA13f952f3F0B03DC00ca01,0x7497ecdac61fd9d1a089b81f068b50d5e136eb9b0d69d320c59b15cdb18772e5,20260812_005629
openClaim,openClaim,asymmetric,4,196136,11469861,7e907fab7a7bd76055c72fe06fe58538c0dc7cc5c82be7051ba57f99b63a3e13,0x71668f737d859d977DA13f952f3F0B03DC00ca01,0x6a351aF33059B2a361F44d7E924AEA31BbC8dccc,0xf16b44768983C68FE418764ec2b740EA7eA14635,0xa2e36d0bE698E54cD61d1b0be224fB81ee56d494,0x71668f737d859d977DA13f952f3F0B03DC00ca01,0x7497ecdac61fd9d1a089b81f068b50d5e136eb9b0d69d320c59b15cdb18772e5,20260812_005629
submitInference,submitInference,asymmetric,4,242387,11469862,c2a8cf49b4714d305838c475e49629feaf1d6af5fa90d83ebf92dc98ba729779,0x71668f737d859d977DA13f952f3F0B03DC00ca01,0x6a351aF33059B2a361F44d7E924AEA31BbC8dccc,0xf16b44768983C68FE418764ec2b740EA7eA14635,0xa2e36d0bE698E54cD61d1b0be224fB81ee56d494,0x71668f737d859d977DA13f952f3F0B03DC00ca01,0x7497ecdac61fd9d1a089b81f068b50d5e136eb9b0d69d320c59b15cdb18772e5,20260812_005629
openClaim,openClaim,asymmetric,4,196124,11469863,0cd4eeab43403193678deea8ede2a30080c049d3334c47f3d14e391309ad8999,0x71668f737d859d977DA13f952f3F0B03DC00ca01,0x6a351aF33059B2a361F44d7E924AEA31BbC8dccc,0xf16b44768983C68FE418764ec2b740EA7eA14635,0xa2e36d0bE698E54cD61d1b0be224fB81ee56d494,0x71668f737d859d977DA13f952f3F0B03DC00ca01,0x7497ecdac61fd9d1a089b81f068b50d5e136eb9b0d69d320c59b15cdb18772e5,20260812_005629
submitInference,submitInference,asymmetric,4,242387,11469864,a0d08ba76fd50e380f0e8c0cea47c3718f1013286b647a6d84d92313edac9627,0x71668f737d859d977DA13f952f3F0B03DC00ca01,0x6a351aF33059B2a361F44d7E924AEA31BbC8dccc,0xf16b44768983C68FE418764ec2b740EA7eA14635,0xa2e36d0bE698E54cD61d1b0be224fB81ee56d494,0x71668f737d859d977DA13f952f3F0B03DC00ca01,0x7497ecdac61fd9d1a089b81f068b50d5e136eb9b0d69d320c59b15cdb18772e5,20260812_005629
openClaim,openClaim,asymmetric,4,196136,11469865,c7fce63aa928fb98941e48d2d3623be596feef5b667a2e30be149b05f6273f21,0x71668f737d859d977DA13f952f3F0B03DC00ca01,0x6a351aF33059B2a361F44d7E924AEA31BbC8dccc,0xf16b44768983C68FE418764ec2b740EA7eA14635,0xa2e36d0bE698E54cD61d1b0be224fB81ee56d494,0x71668f737d859d977DA13f952f3F0B03DC00ca01,0x7497ecdac61fd9d1a089b81f068b50d5e136eb9b0d69d320c59b15cdb18772e5,20260812_005629
submitInference,submitInference,asymmetric,4,242387,11469866,195ac622231e50c60ba8b9d3830e8a7d2c5eb2ca1037f22248bef73b48ee2d00,0x71668f737d859d977DA13f952f3F0B03DC00ca01,0x6a351aF33059B2a361F44d7E924AEA31BbC8dccc,0xf16b44768983C68FE418764ec2b740EA7eA14635,0xa2e36d0bE698E54cD61d1b0be224fB81ee56d494,0x71668f737d859d977DA13f952f3F0B03DC00ca01,0x7497ecdac61fd9d1a089b81f068b50d5e136eb9b0d69d320c59b15cdb18772e5,20260812_005629
openClaim,openClaim,asymmetric,4,196136,11469867,2096a5b6551dea99182213bbbc51adc8770c227b682482ffb474d95b32a66593,0x71668f737d859d977DA13f952f3F0B03DC00ca01,0x6a351aF33059B2a361F44d7E924AEA31BbC8dccc,0xf16b44768983C68FE418764ec2b740EA7eA14635,0xa2e36d0bE698E54cD61d1b0be224fB81ee56d494,0x71668f737d859d977DA13f952f3F0B03DC00ca01,0x7497ecdac61fd9d1a089b81f068b50d5e136eb9b0d69d320c59b15cdb18772e5,20260812_005629
submitInference,submitInference,asymmetric,4,242387,11469868,d553629d5262169ac26682e47742a38c7e23d6de346e80ba0e313c4158bbd661,0x71668f737d859d977DA13f952f3F0B03DC00ca01,0x6a351aF33059B2a361F44d7E924AEA31BbC8dccc,0xf16b44768983C68FE418764ec2b740EA7eA14635,0xa2e36d0bE698E54cD61d1b0be224fB81ee56d494,0x71668f737d859d977DA13f952f3F0B03DC00ca01,0x7497ecdac61fd9d1a089b81f068b50d5e136eb9b0d69d320c59b15cdb18772e5,20260812_005629
openClaim,openClaim,asymmetric,4,196136,11469869,85e133f54ea841a2745c896b680eda66e625625c9eb766f78bb06d9bba4b550e,0x71668f737d859d977DA13f952f3F0B03DC00ca01,0x6a351aF33059B2a361F44d7E924AEA31BbC8dccc,0xf16b44768983C68FE418764ec2b740EA7eA14635,0xa2e36d0bE698E54cD61d1b0be224fB81ee56d494,0x71668f737d859d977DA13f952f3F0B03DC00ca01,0x7497ecdac61fd9d1a089b81f068b50d5e136eb9b0d69d320c59b15cdb18772e5,20260812_005629
submitInference,submitInference,asymmetric,4,242387,11469870,3dfffbb359c40304eb6be22b2c65906a6fbb28433b7f75a1e12f4e6a73e86bc2,0x71668f737d859d977DA13f952f3F0B03DC00ca01,0x6a351aF33059B2a361F44d7E924AEA31BbC8dccc,0xf16b44768983C68FE418764ec2b740EA7eA14635,0xa2e36d0bE698E54cD61d1b0be224fB81ee56d494,0x71668f737d859d977DA13f952f3F0B03DC00ca01,0x7497ecdac61fd9d1a089b81f068b50d5e136eb9b0d69d320c59b15cdb18772e5,20260812_005629
openClaim,openClaim,asymmetric,4,196136,11469871,4d28c4b5f3a61c969bd840bc6b9806c331f4cfffc45f2f7d033ff3393006d36f,0x71668f737d859d977DA13f952f3F0B03DC00ca01,0x6a351aF33059B2a361F44d7E924AEA31BbC8dccc,0xf16b44768983C68FE418764ec2b740EA7eA14635,0xa2e36d0bE698E54cD61d1b0be224fB81ee56d494,0x71668f737d859d977DA13f952f3F0B03DC00ca01,0x7497ecdac61fd9d1a089b81f068b50d5e136eb9b0d69d320c59b15cdb18772e5,20260812_005629
submitInference,submitInference,asymmetric,4,242387,11469872,a9dfb67ca37fa9ea055943f13b4bb9bf3f198c878afe234e342040be4b9b23cd,0x71668f737d859d977DA13f952f3F0B03DC00ca01,0x6a351aF33059B2a361F44d7E924AEA31BbC8dccc,0xf16b44768983C68FE418764ec2b740EA7eA14635,0xa2e36d0bE698E54cD61d1b0be224fB81ee56d494,0x71668f737d859d977DA13f952f3F0B03DC00ca01,0x7497ecdac61fd9d1a089b81f068b50d5e136eb9b0d69d320c59b15cdb18772e5,20260812_005629
openClaim,openClaim,asymmetric,4,196136,11469873,603c6519269ed1e1722284c4730b49e55c655de24fd40bb750ba71d6b3a548d2,0x71668f737d859d977DA13f952f3F0B03DC00ca01,0x6a351aF33059B2a361F44d7E924AEA31BbC8dccc,0xf16b44768983C68FE418764ec2b740EA7eA14635,0xa2e36d0bE698E54cD61d1b0be224fB81ee56d494,0x71668f737d859d977DA13f952f3F0B03DC00ca01,0x7497ecdac61fd9d1a089b81f068b50d5e136eb9b0d69d320c59b15cdb18772e5,20260812_005629
submitInference,submitInference,asymmetric,4,242387,11469874,c1a79a1849925f48c43a15d77a16e069d4daadeb6e0e029e2742d2bfb7c9f5eb,0x71668f737d859d977DA13f952f3F0B03DC00ca01,0x6a351aF33059B2a361F44d7E924AEA31BbC8dccc,0xf16b44768983C68FE418764ec2b740EA7eA14635,0xa2e36d0bE698E54cD61d1b0be224fB81ee56d494,0x71668f737d859d977DA13f952f3F0B03DC00ca01,0x7497ecdac61fd9d1a089b81f068b50d5e136eb9b0d69d320c59b15cdb18772e5,20260812_005629
openClaim,openClaim,asymmetric,4,196136,11469875,979c952f021737219c6d2fc3b34486054053e265ff29f004f9f804673aa7cd50,0x71668f737d859d977DA13f952f3F0B03DC00ca01,0x6a351aF33059B2a361F44d7E924AEA31BbC8dccc,0xf16b44768983C68FE418764ec2b740EA7eA14635,0xa2e36d0bE698E54cD61d1b0be224fB81ee56d494,0x71668f737d859d977DA13f952f3F0B03DC00ca01,0x7497ecdac61fd9d1a089b81f068b50d5e136eb9b0d69d320c59b15cdb18772e5,20260812_005629
submitInference,submitInference,asymmetric,4,242387,11469876,29c3ce4ba1c345d75da26ad8a5e91ba6bb7fb2c7c3524600f2df32ec9250629d,0x71668f737d859d977DA13f952f3F0B03DC00ca01,0x6a351aF33059B2a361F44d7E924AEA31BbC8dccc,0xf16b44768983C68FE418764ec2b740EA7eA14635,0xa2e36d0bE698E54cD61d1b0be224fB81ee56d494,0x71668f737d859d977DA13f952f3F0B03DC00ca01,0x7497ecdac61fd9d1a089b81f068b50d5e136eb9b0d69d320c59b15cdb18772e5,20260812_005629
openClaim,openClaim,asymmetric,4,196136,11469877,ee15053d7c659e471900def2400bf41140d6c7abbe62e515b0cf5fe68ec9c887,0x71668f737d859d977DA13f952f3F0B03DC00ca01,0x6a351aF33059B2a361F44d7E924AEA31BbC8dccc,0xf16b44768983C68FE418764ec2b740EA7eA14635,0xa2e36d0bE698E54cD61d1b0be224fB81ee56d494,0x71668f737d859d977DA13f952f3F0B03DC00ca01,0x7497ecdac61fd9d1a089b81f068b50d5e136eb9b0d69d320c59b15cdb18772e5,20260812_005629
submitInference,submitInference,asymmetric,4,242387,11469878,3ad3d7a0be600aaafd1ab37b92371d057bdf159e4a4bb54d45a183c0c2c71d1f,0x71668f737d859d977DA13f952f3F0B03DC00ca01,0x6a351aF33059B2a361F44d7E924AEA31BbC8dccc,0xf16b44768983C68FE418764ec2b740EA7eA14635,0xa2e36d0bE698E54cD61d1b0be224fB81ee56d494,0x71668f737d859d977DA13f952f3F0B03DC00ca01,0x7497ecdac61fd9d1a089b81f068b50d5e136eb9b0d69d320c59b15cdb18772e5,20260812_005629
openClaim,openClaim,asymmetric,4,196136,11469879,50db03d096bafdfb6453dbeae9d88045a01765c5039d14dfae4db1c84fb1b8e4,0x71668f737d859d977DA13f952f3F0B03DC00ca01,0x6a351aF33059B2a361F44d7E924AEA31BbC8dccc,0xf16b44768983C68FE418764ec2b740EA7eA14635,0xa2e36d0bE698E54cD61d1b0be224fB81ee56d494,0x71668f737d859d977DA13f952f3F0B03DC00ca01,0x7497ecdac61fd9d1a089b81f068b50d5e136eb9b0d69d320c59b15cdb18772e5,20260812_005629
submitInference,submitInference,asymmetric,4,242387,11469880,d87cd2eaf0457d13763bbc1bf0255c5a27008d016fbda852bd559b9a899a6840,0x71668f737d859d977DA13f952f3F0B03DC00ca01,0x6a351aF33059B2a361F44d7E924AEA31BbC8dccc,0xf16b44768983C68FE418764ec2b740EA7eA14635,0xa2e36d0bE698E54cD61d1b0be224fB81ee56d494,0x71668f737d859d977DA13f952f3F0B03DC00ca01,0x7497ecdac61fd9d1a089b81f068b50d5e136eb9b0d69d320c59b15cdb18772e5,20260812_005629
openClaim,openClaim,asymmetric,4,196136,11469881,e91f80f2d3eb84aa21c2d29fc78a703b4d2a055d194181cd245ba1d8e3af163d,0x71668f737d859d977DA13f952f3F0B03DC00ca01,0x6a351aF33059B2a361F44d7E924AEA31BbC8dccc,0xf16b44768983C68FE418764ec2b740EA7eA14635,0xa2e36d0bE698E54cD61d1b0be224fB81ee56d494,0x71668f737d859d977DA13f952f3F0B03DC00ca01,0x7497ecdac61fd9d1a089b81f068b50d5e136eb9b0d69d320c59b15cdb18772e5,20260812_005629
submitInference,submitInference,asymmetric,4,242387,11469882,053570657626feacaf7ea8617ab970791500ce6000e68ab8e1c4a38ead64755e,0x71668f737d859d977DA13f952f3F0B03DC00ca01,0x6a351aF33059B2a361F44d7E924AEA31BbC8dccc,0xf16b44768983C68FE418764ec2b740EA7eA14635,0xa2e36d0bE698E54cD61d1b0be224fB81ee56d494,0x71668f737d859d977DA13f952f3F0B03DC00ca01,0x7497ecdac61fd9d1a089b81f068b50d5e136eb9b0d69d320c59b15cdb18772e5,20260812_005629
openClaim,openClaim,asymmetric,4,196136,11469883,68b793d6dcdb0a142accf2b5062c145b006f8d6bc83a627f30f08765a7699e38,0x71668f737d859d977DA13f952f3F0B03DC00ca01,0x6a351aF33059B2a361F44d7E924AEA31BbC8dccc,0xf16b44768983C68FE418764ec2b740EA7eA14635,0xa2e36d0bE698E54cD61d1b0be224fB81ee56d494,0x71668f737d859d977DA13f952f3F0B03DC00ca01,0x7497ecdac61fd9d1a089b81f068b50d5e136eb9b0d69d320c59b15cdb18772e5,20260812_005629
submitInference,submitInference,asymmetric,4,242387,11469884,c0abaabf21b00d6ff4035e983492759a51a3b770295ab1ac24782c49d30a4cb4,0x71668f737d859d977DA13f952f3F0B03DC00ca01,0x6a351aF33059B2a361F44d7E924AEA31BbC8dccc,0xf16b44768983C68FE418764ec2b740EA7eA14635,0xa2e36d0bE698E54cD61d1b0be224fB81ee56d494,0x71668f737d859d977DA13f952f3F0B03DC00ca01,0x7497ecdac61fd9d1a089b81f068b50d5e136eb9b0d69d320c59b15cdb18772e5,20260812_005629
